eventType,date,side,events,meanWallAgeSeconds,meanWallVolume,meanWallRatio,bounceFirstShare,breakFirstShare,noOutcomeShare,removedBeforeContactShare,meanWallLifetimeSeconds,meanMaxFavorableTicks60s,meanMaxAdverseTicks60s,meanMidMove1sTicks,meanEntryMarkout1sTicks,meanMidMove5sTicks,meanEntryMarkout5sTicks,meanMidMove10sTicks,meanEntryMarkout10sTicks,meanMidMove30sTicks,meanEntryMarkout30sTicks,meanMidMove60sTicks,meanEntryMarkout60sTicks
CONTROL,2026-03-19,ASK,212,0.8898488395471696,40.937306603773585,5.113250746906236,0.3443396226415094,0.6556603773584906,0.0,0.2688679245283019,2.5690364609716982,13.818396226415171,-17.90801886792468,-0.8396226415094854,0.6627358490573202,-1.3514150943396483,0.15094339622715727,-1.0919811320753687,0.4103773584914369,-1.2358490566038078,0.26650943396299775,-2.1061320754718524,-0.6037735849050468
CONTROL,2026-03-19,BID,168,0.9276981183571429,35.357416666666666,4.2719196552051,0.25,0.7380952380952381,0.011904761904761904,0.22023809523809523,1.9640443276309525,12.244047619047526,-19.702380952380818,-1.53571428571454,-0.08333333333260791,-2.6785714285714013,-1.2261904761894693,-3.5238095238096485,-2.071428571427716,-4.5120481927709255,-3.0662650602398736,-4.157575757575807,-2.7060606060597574
CONTROL,2026-03-20,ASK,181,0.8401683835801105,40.47622651933702,4.1958476981495325,0.30386740331491713,0.6850828729281768,0.011049723756906077,0.27071823204419887,2.770679116624309,9.806629834254144,-15.486187845304128,-1.419889502762421,0.09116022099601273,-1.8397790055249221,-0.3287292817664885,-2.1436464088399396,-0.6325966850815061,-1.5414364640887295,-0.030386740330295803,-4.430939226519679,-2.919889502761245
CONTROL,2026-03-20,BID,236,0.8408231191864407,38.509343220338984,4.047654970953359,0.3771186440677966,0.6016949152542372,0.0211864406779661,0.2754237288135593,3.417073160487288,11.38559322033886,-13.995762711864067,-1.042372881355832,0.32627118644167225,-1.7702127659577331,-0.4063829787227928,-1.9127659574469749,-0.5489361702120344,-2.3744680851062165,-1.010638297871276,-1.4615384615384925,-0.09829059828973155
CONTROL,2026-03-21,ASK,167,0.786339625479042,50.08973053892216,4.577812750916924,0.18562874251497005,0.5748502994011976,0.23952095808383234,0.32335329341317365,13.052637422341316,11.592814371257262,-7.556886227545199,-0.19578313253036703,1.2680722891574594,0.448484848484854,1.912121212122298,0.17272727272690894,1.636363636364353,2.057926829268154,3.5274390243911533,1.7743902439021562,3.2439024390251556
CONTROL,2026-03-21,BID,145,0.7693721196206896,45.89248275862069,4.187154902141317,0.22758620689655173,0.5241379310344828,0.2482758620689655,0.36551724137931035,15.52722085890345,5.768965517241385,-10.913793103448276,-0.4965517241379812,1.0931034482769535,-0.7896551724141255,0.8000000000008092,-0.586206896551975,1.0034482758629597,-1.8541666666669698,-0.2708333333325186,-4.16783216783232,-2.5839160839150854
WALL,2026-03-19,ASK,212,14.474172356212266,46.61001415094339,4.761890301373249,0.330188679245283,0.6698113207547169,0.0,0.2688679245283019,3.867088267372641,7.775943396226175,-13.745283018867822,-0.9858490566035419,0.5259433962274919,-1.9410377358490394,-0.42924528301800563,-2.535377358490566,-1.0235849056595323,-3.2099056603776672,-1.6981132075466336,-3.8443396226417454,-2.3325471698107116
WALL,2026-03-19,BID,168,14.76930998635119,41.97367261904762,4.771477402784619,0.3273809523809524,0.6607142857142857,0.011904761904761904,0.20238095238095238,3.798974675964286,7.199404761904291,-12.28273809523855,-1.360119047619286,0.07738095238212714,-2.193452380952457,-0.7559523809510438,-2.53273809523816,-1.0952380952367473,-3.3005952380953354,-1.8630952380939225,-4.199404761904935,-2.761904761903522
WALL,2026-03-20,ASK,181,13.950403471762431,52.42058011049724,5.344031164886297,0.35911602209944754,0.6187845303867403,0.022099447513812154,0.30939226519337015,3.929841041237569,5.312154696132929,-12.361878453038045,-0.9806629834250375,0.5607734806641693,-1.732044198894721,-0.19060773480551432,-2.6104972375689353,-1.0690607734797284,-3.3701657458560774,-1.8287292817668703,-4.31215469613223,-2.770718232043023
WALL,2026-03-20,BID,236,14.298310414326274,46.17123728813559,5.008473262317591,0.2754237288135593,0.7076271186440678,0.01694915254237288,0.2542372881355932,3.023801797872881,6.112288135593394,-9.752118644067954,-1.3771186440677967,0.023305084746406295,-1.9682203389826771,-0.5677966101684742,-1.7521186440674845,-0.35169491525328156,-2.8072033898304505,-1.4067796610162477,-2.086864406779642,-0.6864406779654388
WALL,2026-03-21,ASK,167,14.721108712550897,80.98961676646707,5.992722203776762,0.20958083832335328,0.5449101796407185,0.24550898203592814,0.2754491017964072,18.397532376694613,1.4191616766468318,-5.272455089820615,-0.5089820359282254,0.9730538922166309,-1.1257485029941046,0.3562874251507517,-1.3832335329343985,0.09880239521045765,-2.2574850299405718,-0.7754491017957156,-2.7694610778444475,-1.2874251496995912
WALL,2026-03-21,BID,145,15.259797220020689,58.92998620689655,4.872252384951295,0.2827586206896552,0.4689655172413793,0.2482758620689655,0.30344827586206896,15.592196820275865,1.9689655172415172,-5.33448275862037,-0.3862068965514042,1.2241379310353921,-0.8724137931030782,0.7379310344837183,-1.220689655172119,0.3896551724146775,-2.2068965517237302,-0.5965517241369337,-2.2689655172408836,-0.6586206896540873
CONTROL,TOTAL,ASK,560,0.8429234801196429,43.5176625,4.657057716271988,0.2839285714285714,0.6410714285714286,0.075,0.2857142857142857,5.760569820296428,11.858035714285677,-14.038392857143085,-0.8363148479428444,0.6574239713784766,-0.9775985663082715,0.5161290322591435,-1.059139784946357,0.4345878136210578,-0.36535008976676847,1.1301615798932156,-1.7190305206465726,-0.2235188509865885
CONTROL,TOTAL,BID,549,0.8485364250582877,39.494828779599274,4.1531266594352285,0.2987249544626594,0.6229508196721312,0.07832422586520947,0.28233151183970856,6.170921197555556,10.164845173041815,-14.928051001821308,-1.0491803278689005,0.4034608378880051,-1.7892335766425382,-0.3385036496342515,-2.0556569343067452,-0.6049270072984585,-2.8880733944953727,-1.4412844036687185,-2.9963099630996997,-1.547970479703901
WALL,TOTAL,ASK,560,14.378522719467858,58.740560714285714,5.317098201368335,0.30357142857142855,0.6160714285714286,0.08035714285714286,0.2839285714285714,8.220556871526783,5.083928571428625,-10.771428571428405,-0.8419642857141005,0.6705357142868219,-1.630357142857065,-0.11785714285614242,-2.2160714285714675,-0.7035714285705451,-2.9776785714287337,-1.4651785714278114,-3.6750000000000114,-2.162499999999089
WALL,TOTAL,BID,549,14.69638603349909,48.25653369763206,4.8999717475276965,0.29326047358834245,0.6302367941712204,0.07650273224043716,0.25136612021857924,6.580534624408015,5.350637522768637,-9.359744990892654,-1.1102003642987133,0.35701275045624975,-1.7477231329687994,-0.28051001821383625,-1.8506375227684781,-0.383424408013515,-2.799635701274943,-1.3324225865199797,-2.7814207650272365,-1.314207650272273
