hourEndUtc,strategy,orderSize,hardInventoryLimit,orderLatencyMillis,maxBookAgeSeconds,makerFeeBps,midPrice,inventory,realizedPnl,unrealizedPnl,grossPnl,feesPaid,fundingPnl,netPnl,fillsInHour,tradedVolumeInHour,gapResetsInHour
2026-03-19T01:00:00Z,SymmetricMarketMakingStrategy,1.00000000,5.00000000,10.000000,1.000000,0.00000000,2193.35000000,3.69200000,19.33524747,5.98165253,25.31690000,0.00000000,0.00000000,25.31690000,51,29.41000000,0
2026-03-19T02:00:00Z,SymmetricMarketMakingStrategy,1.00000000,5.00000000,10.000000,1.000000,0.00000000,2196.95000000,-2.75000000,8.30254545,8.63185455,16.93440000,0.00000000,0.00000000,16.93440000,25,12.48200000,1
2026-03-19T03:00:00Z,SymmetricMarketMakingStrategy,1.00000000,5.00000000,10.000000,1.000000,0.00000000,2196.85000000,-3.10500000,18.57264887,2.30090113,20.87355000,0.00000000,0.00000000,20.87355000,19,12.53500000,1
2026-03-19T04:00:00Z,SymmetricMarketMakingStrategy,1.00000000,5.00000000,10.000000,1.000000,0.00000000,2211.75000000,2.69700000,-121.82255622,2.56990622,-119.25265000,0.00000000,0.00000000,-119.25265000,93,69.51400000,0
2026-03-19T05:00:00Z,SymmetricMarketMakingStrategy,1.00000000,5.00000000,10.000000,1.000000,0.00000000,2193.65000000,-3.75200000,-163.99839906,4.31249906,-159.68590000,0.00000000,0.00000000,-159.68590000,39,29.98300000,0
2026-03-19T06:00:00Z,SymmetricMarketMakingStrategy,1.00000000,5.00000000,10.000000,1.000000,0.00000000,2189.25000000,-3.16500000,-146.26981634,1.89046634,-144.37935000,0.00000000,0.00000000,-144.37935000,20,12.41500000,0
2026-03-19T07:00:00Z,SymmetricMarketMakingStrategy,1.00000000,5.00000000,10.000000,1.000000,0.00000000,2180.75000000,3.12000000,-142.91814975,-5.89585025,-148.81400000,0.00000000,0.00000000,-148.81400000,46,23.45700000,1
2026-03-19T08:00:00Z,SymmetricMarketMakingStrategy,1.00000000,5.00000000,10.000000,1.000000,0.00000000,2166.35000000,-1.83200000,-240.06793008,5.42793008,-234.64000000,0.00000000,0.00000000,-234.64000000,91,62.10800000,0
2026-03-19T09:00:00Z,SymmetricMarketMakingStrategy,1.00000000,5.00000000,10.000000,1.000000,0.00000000,2160.25000000,-4.10400000,-200.40955185,0.73385185,-199.67570000,0.00000000,0.00000000,-199.67570000,48,29.97600000,0
2026-03-19T10:00:00Z,SymmetricMarketMakingStrategy,1.00000000,5.00000000,10.000000,1.000000,0.00000000,2189.35000000,-0.37000000,-290.17550000,-0.12950000,-290.30500000,0.00000000,0.00000000,-290.30500000,72,42.88000000,0
2026-03-19T11:00:00Z,SymmetricMarketMakingStrategy,1.00000000,5.00000000,10.000000,1.000000,0.00000000,2172.35000000,1.57600000,-284.31774677,-4.64155323,-288.95930000,0.00000000,0.00000000,-288.95930000,37,18.34600000,0
2026-03-19T12:00:00Z,SymmetricMarketMakingStrategy,1.00000000,5.00000000,10.000000,1.000000,0.00000000,2166.55000000,-1.44900000,-280.79609751,2.39244751,-278.40365000,0.00000000,0.00000000,-278.40365000,21,14.60300000,0
2026-03-19T13:00:00Z,SymmetricMarketMakingStrategy,1.00000000,5.00000000,10.000000,1.000000,0.00000000,2131.95000000,-0.51000000,-359.50480000,0.12750000,-359.37730000,0.00000000,0.00000000,-359.37730000,65,40.02700000,0
2026-03-19T14:00:00Z,SymmetricMarketMakingStrategy,1.00000000,5.00000000,10.000000,1.000000,0.00000000,2137.15000000,-3.57900000,-421.91999079,-1.51115921,-423.43115000,0.00000000,0.00000000,-423.43115000,146,103.24900000,0
2026-03-19T15:00:00Z,SymmetricMarketMakingStrategy,1.00000000,5.00000000,10.000000,1.000000,0.00000000,2121.55000000,-1.48500000,-427.66386639,-1.75958361,-429.42345000,0.00000000,0.00000000,-429.42345000,98,67.86800000,0
2026-03-19T16:00:00Z,SymmetricMarketMakingStrategy,1.00000000,5.00000000,10.000000,1.000000,0.00000000,2118.55000000,-4.55300000,-476.43373141,6.45488141,-469.97885000,0.00000000,0.00000000,-469.97885000,84,57.04000000,0
2026-03-19T17:00:00Z,SymmetricMarketMakingStrategy,1.00000000,5.00000000,10.000000,1.000000,0.00000000,2115.25000000,1.48400000,-443.45515307,2.86345307,-440.59170000,0.00000000,0.00000000,-440.59170000,64,42.63100000,0
2026-03-19T18:00:00Z,SymmetricMarketMakingStrategy,1.00000000,5.00000000,10.000000,1.000000,0.00000000,2127.35000000,0.96800000,-403.77100000,0.04840000,-403.72260000,0.00000000,0.00000000,-403.72260000,66,41.23000000,0
2026-03-19T19:00:00Z,SymmetricMarketMakingStrategy,1.00000000,5.00000000,10.000000,1.000000,0.00000000,2124.95000000,-2.93400000,-382.64413673,-22.65556327,-405.29970000,0.00000000,0.00000000,-405.29970000,26,20.06000000,0
2026-03-19T20:00:00Z,SymmetricMarketMakingStrategy,1.00000000,5.00000000,10.000000,1.000000,0.00000000,2141.35000000,-0.51400000,-498.34320000,-0.12290000,-498.46610000,0.00000000,0.00000000,-498.46610000,72,46.08000000,0
2026-03-19T21:00:00Z,SymmetricMarketMakingStrategy,1.00000000,5.00000000,10.000000,1.000000,0.00000000,2146.45000000,1.70900000,-489.48233365,1.44168365,-488.04065000,0.00000000,0.00000000,-488.04065000,44,28.89300000,1
2026-03-19T22:00:00Z,SymmetricMarketMakingStrategy,1.00000000,5.00000000,10.000000,1.000000,0.00000000,2150.35000000,4.75600000,-467.02973405,5.26323405,-461.76650000,0.00000000,0.00000000,-461.76650000,29,18.53500000,3
2026-03-19T23:00:00Z,SymmetricMarketMakingStrategy,1.00000000,5.00000000,10.000000,1.000000,0.00000000,2140.15000000,2.51600000,-522.08510000,1.41820000,-520.66690000,0.00000000,0.00000000,-520.66690000,32,16.68000000,1
2026-03-20T00:00:00Z,SymmetricMarketMakingStrategy,1.00000000,5.00000000,10.000000,1.000000,0.00000000,2137.95000000,-0.11600000,-514.02847970,-0.38182030,-514.41030000,0.00000000,0.00000000,-514.41030000,26,16.05800000,2
2026-03-20T01:00:00Z,SymmetricMarketMakingStrategy,1.00000000,5.00000000,10.000000,1.000000,0.00000000,2145.75000000,-3.78100000,-537.85455386,-5.67539614,-543.52995000,0.00000000,0.00000000,-543.52995000,29,20.72700000,0
2026-03-20T02:00:00Z,SymmetricMarketMakingStrategy,1.00000000,5.00000000,10.000000,1.000000,0.00000000,2151.15000000,0.59400000,-581.04410000,-0.08910000,-581.13320000,0.00000000,0.00000000,-581.13320000,18,13.12100000,0
2026-03-20T03:00:00Z,SymmetricMarketMakingStrategy,1.00000000,5.00000000,10.000000,1.000000,0.00000000,2144.55000000,4.67800000,-588.08526624,22.04186624,-566.04340000,0.00000000,0.00000000,-566.04340000,15,12.23000000,0
2026-03-20T04:00:00Z,SymmetricMarketMakingStrategy,1.00000000,5.00000000,10.000000,1.000000,0.00000000,2151.55000000,-2.24700000,-570.93539370,0.28354370,-570.65185000,0.00000000,0.00000000,-570.65185000,33,27.07500000,0
2026-03-20T05:00:00Z,SymmetricMarketMakingStrategy,1.00000000,5.00000000,10.000000,1.000000,0.00000000,2148.35000000,-3.11700000,-574.40674000,-15.44741000,-589.85415000,0.00000000,0.00000000,-589.85415000,39,22.13400000,0
2026-03-20T06:00:00Z,SymmetricMarketMakingStrategy,1.00000000,5.00000000,10.000000,1.000000,0.00000000,2140.25000000,-2.51000000,-591.37730667,6.99640667,-584.38090000,0.00000000,0.00000000,-584.38090000,38,17.25900000,1
2026-03-20T07:00:00Z,SymmetricMarketMakingStrategy,1.00000000,5.00000000,10.000000,1.000000,0.00000000,2136.75000000,-4.41600000,-561.79521461,5.36561461,-556.42960000,0.00000000,0.00000000,-556.42960000,28,16.52600000,1
2026-03-20T08:00:00Z,SymmetricMarketMakingStrategy,1.00000000,5.00000000,10.000000,1.000000,0.00000000,2150.45000000,-2.98100000,-550.31979226,-41.90635774,-592.22615000,0.00000000,0.00000000,-592.22615000,31,22.99900000,0
2026-03-20T09:00:00Z,SymmetricMarketMakingStrategy,1.00000000,5.00000000,10.000000,1.000000,0.00000000,2163.85000000,3.69600000,-656.37497715,2.57517715,-653.79980000,0.00000000,0.00000000,-653.79980000,62,43.11300000,0
2026-03-20T10:00:00Z,SymmetricMarketMakingStrategy,1.00000000,5.00000000,10.000000,1.000000,0.00000000,2140.95000000,3.26400000,-723.31947747,2.02067747,-721.29880000,0.00000000,0.00000000,-721.29880000,40,26.36400000,0
2026-03-20T11:00:00Z,SymmetricMarketMakingStrategy,1.00000000,5.00000000,10.000000,1.000000,0.00000000,2148.05000000,-0.66100000,-737.02098260,-0.37946740,-737.40045000,0.00000000,0.00000000,-737.40045000,19,11.34500000,0
2026-03-20T12:00:00Z,SymmetricMarketMakingStrategy,1.00000000,5.00000000,10.000000,1.000000,0.00000000,2141.15000000,0.63200000,-733.14877118,1.11637118,-732.03240000,0.00000000,0.00000000,-732.03240000,29,19.24900000,0
2026-03-20T13:00:00Z,SymmetricMarketMakingStrategy,1.00000000,5.00000000,10.000000,1.000000,0.00000000,2140.95000000,-0.01300000,-756.79480000,-0.00455000,-756.79935000,0.00000000,0.00000000,-756.79935000,36,25.06700000,0
2026-03-20T14:00:00Z,SymmetricMarketMakingStrategy,1.00000000,5.00000000,10.000000,1.000000,0.00000000,2127.15000000,-0.73200000,-747.61359768,0.36789768,-747.24570000,0.00000000,0.00000000,-747.24570000,90,56.98300000,2
2026-03-20T15:00:00Z,SymmetricMarketMakingStrategy,1.00000000,5.00000000,10.000000,1.000000,0.00000000,2129.05000000,4.01600000,-832.63631610,-34.61988390,-867.25620000,0.00000000,0.00000000,-867.25620000,169,111.26800000,0
2026-03-20T16:00:00Z,SymmetricMarketMakingStrategy,1.00000000,5.00000000,10.000000,1.000000,0.00000000,2133.95000000,-4.17000000,-847.06037065,-7.53032935,-854.59070000,0.00000000,0.00000000,-854.59070000,48,24.58800000,0
2026-03-20T17:00:00Z,SymmetricMarketMakingStrategy,1.00000000,5.00000000,10.000000,1.000000,0.00000000,2137.05000000,4.11000000,-866.86825578,13.66515578,-853.20310000,0.00000000,0.00000000,-853.20310000,37,21.09600000,0
2026-03-20T18:00:00Z,SymmetricMarketMakingStrategy,1.00000000,5.00000000,10.000000,1.000000,0.00000000,2136.35000000,-3.06700000,-857.34431438,-15.40823562,-872.75255000,0.00000000,0.00000000,-872.75255000,71,37.15900000,0
2026-03-20T19:00:00Z,SymmetricMarketMakingStrategy,1.00000000,5.00000000,10.000000,1.000000,0.00000000,2123.05000000,-1.40600000,-824.48410000,5.08830000,-819.39580000,0.00000000,0.00000000,-819.39580000,39,26.83900000,1
2026-03-20T20:00:00Z,SymmetricMarketMakingStrategy,1.00000000,5.00000000,10.000000,1.000000,0.00000000,2133.05000000,-3.26200000,-838.90129016,-17.51960984,-856.42090000,0.00000000,0.00000000,-856.42090000,46,24.91400000,0
2026-03-20T21:00:00Z,SymmetricMarketMakingStrategy,1.00000000,5.00000000,10.000000,1.000000,0.00000000,2133.45000000,-2.51000000,-848.26581906,-7.33268094,-855.59850000,0.00000000,0.00000000,-855.59850000,26,10.75200000,1
2026-03-20T22:00:00Z,SymmetricMarketMakingStrategy,1.00000000,5.00000000,10.000000,1.000000,0.00000000,2147.85000000,0.00200000,-927.27941014,-0.00068986,-927.28010000,0.00000000,0.00000000,-927.28010000,66,44.42600000,4
2026-03-20T23:00:00Z,SymmetricMarketMakingStrategy,1.00000000,5.00000000,10.000000,1.000000,0.00000000,2155.25000000,-2.67400000,-961.46814411,6.77494411,-954.69320000,0.00000000,0.00000000,-954.69320000,49,31.70200000,9
2026-03-21T00:00:00Z,SymmetricMarketMakingStrategy,1.00000000,5.00000000,10.000000,1.000000,0.00000000,2146.75000000,-0.43700000,-935.49080000,0.63365000,-934.85715000,0.00000000,0.00000000,-934.85715000,62,32.14300000,25
2026-03-21T01:00:00Z,SymmetricMarketMakingStrategy,1.00000000,5.00000000,10.000000,1.000000,0.00000000,2153.95000000,-3.85100000,-936.18980806,-9.78744194,-945.97725000,0.00000000,0.00000000,-945.97725000,15,5.91600000,20
2026-03-21T02:00:00Z,SymmetricMarketMakingStrategy,1.00000000,5.00000000,10.000000,1.000000,0.00000000,2147.95000000,-0.63300000,-935.01100000,0.53805000,-934.47295000,0.00000000,0.00000000,-934.47295000,19,13.21800000,12
2026-03-21T03:00:00Z,SymmetricMarketMakingStrategy,1.00000000,5.00000000,10.000000,1.000000,0.00000000,2155.45000000,-3.01700000,-941.12022181,-13.32682819,-954.44705000,0.00000000,0.00000000,-954.44705000,14,7.84800000,7
2026-03-21T04:00:00Z,SymmetricMarketMakingStrategy,1.00000000,5.00000000,10.000000,1.000000,0.00000000,2153.85000000,-3.91200000,-942.88559029,-3.12770971,-946.01330000,0.00000000,0.00000000,-946.01330000,11,5.38300000,20
2026-03-21T05:00:00Z,SymmetricMarketMakingStrategy,1.00000000,5.00000000,10.000000,1.000000,0.00000000,2152.25000000,2.45000000,-960.48824942,0.40874942,-960.07950000,0.00000000,0.00000000,-960.07950000,27,19.07200000,23
2026-03-21T06:00:00Z,SymmetricMarketMakingStrategy,1.00000000,5.00000000,10.000000,1.000000,0.00000000,2153.65000000,4.16200000,-954.27182243,-6.82167757,-961.09350000,0.00000000,0.00000000,-961.09350000,19,12.28800000,19
2026-03-21T07:00:00Z,SymmetricMarketMakingStrategy,1.00000000,5.00000000,10.000000,1.000000,0.00000000,2155.25000000,-4.59700000,-961.60399239,-1.33275761,-962.93675000,0.00000000,0.00000000,-962.93675000,44,18.89700000,20
2026-03-21T08:00:00Z,SymmetricMarketMakingStrategy,1.00000000,5.00000000,10.000000,1.000000,0.00000000,2155.25000000,-3.02200000,-972.00794437,3.78524437,-968.22270000,0.00000000,0.00000000,-968.22270000,32,14.44300000,11
2026-03-21T09:00:00Z,SymmetricMarketMakingStrategy,1.00000000,5.00000000,10.000000,1.000000,0.00000000,2154.05000000,-2.28400000,-962.52780000,-1.00590000,-963.53370000,0.00000000,0.00000000,-963.53370000,35,15.96800000,31
2026-03-21T10:00:00Z,SymmetricMarketMakingStrategy,1.00000000,5.00000000,10.000000,1.000000,0.00000000,2158.25000000,-0.53400000,-969.97350000,-0.77430000,-970.74780000,0.00000000,0.00000000,-970.74780000,14,8.25000000,16
2026-03-21T11:00:00Z,SymmetricMarketMakingStrategy,1.00000000,5.00000000,10.000000,1.000000,0.00000000,2154.15000000,0.83900000,-971.40442571,-1.05332429,-972.45775000,0.00000000,0.00000000,-972.45775000,20,9.23500000,24
2026-03-21T12:00:00Z,SymmetricMarketMakingStrategy,1.00000000,5.00000000,10.000000,1.000000,0.00000000,2157.25000000,2.95100000,-968.19838786,7.53353786,-960.66485000,0.00000000,0.00000000,-960.66485000,11,6.11200000,29
2026-03-21T13:00:00Z,SymmetricMarketMakingStrategy,1.00000000,5.00000000,10.000000,1.000000,0.00000000,2157.85000000,-1.45600000,-956.38706484,-0.23403516,-956.62110000,0.00000000,0.00000000,-956.62110000,9,4.58700000,21
2026-03-21T14:00:00Z,SymmetricMarketMakingStrategy,1.00000000,5.00000000,10.000000,1.000000,0.00000000,2156.05000000,-0.09300000,-954.41620000,-0.04185000,-954.45805000,0.00000000,0.00000000,-954.45805000,19,9.36300000,16
2026-03-21T15:00:00Z,SymmetricMarketMakingStrategy,1.00000000,5.00000000,10.000000,1.000000,0.00000000,2152.45000000,0.79300000,-943.11720000,-1.60675000,-944.72395000,0.00000000,0.00000000,-944.72395000,49,23.21800000,3
2026-03-21T16:00:00Z,SymmetricMarketMakingStrategy,1.00000000,5.00000000,10.000000,1.000000,0.00000000,2155.35000000,-2.97800000,-947.13949974,-0.99220026,-948.13170000,0.00000000,0.00000000,-948.13170000,41,19.50900000,13
2026-03-21T17:00:00Z,SymmetricMarketMakingStrategy,1.00000000,5.00000000,10.000000,1.000000,0.00000000,2146.75000000,-3.17700000,-934.04722663,3.39397663,-930.65325000,0.00000000,0.00000000,-930.65325000,45,28.59700000,10
2026-03-21T18:00:00Z,SymmetricMarketMakingStrategy,1.00000000,5.00000000,10.000000,1.000000,0.00000000,2148.65000000,-3.93300000,-921.27780000,-4.90395000,-926.18175000,0.00000000,0.00000000,-926.18175000,17,11.33000000,26
2026-03-21T19:00:00Z,SymmetricMarketMakingStrategy,1.00000000,5.00000000,10.000000,1.000000,0.00000000,2151.65000000,-2.10600000,-931.95346387,-6.47633613,-938.42980000,0.00000000,0.00000000,-938.42980000,10,5.82700000,35
2026-03-21T20:00:00Z,SymmetricMarketMakingStrategy,1.00000000,5.00000000,10.000000,1.000000,0.00000000,2152.35000000,-3.97200000,-934.02714845,-8.82955155,-942.85670000,0.00000000,0.00000000,-942.85670000,6,3.33400000,40
2026-03-21T21:00:00Z,SymmetricMarketMakingStrategy,1.00000000,5.00000000,10.000000,1.000000,0.00000000,2156.05000000,-3.14500000,-946.89595371,-10.31749629,-957.21345000,0.00000000,0.00000000,-957.21345000,22,9.17300000,26
2026-03-21T22:00:00Z,SymmetricMarketMakingStrategy,1.00000000,5.00000000,10.000000,1.000000,0.00000000,2153.95000000,-1.24600000,-949.62520211,0.17620211,-949.44900000,0.00000000,0.00000000,-949.44900000,12,4.35300000,37
2026-03-21T23:00:00Z,SymmetricMarketMakingStrategy,1.00000000,5.00000000,10.000000,1.000000,0.00000000,2150.15000000,2.68300000,-945.97416450,-1.84138550,-947.81555000,0.00000000,0.00000000,-947.81555000,43,14.44500000,58
2026-03-22T00:00:00Z,SymmetricMarketMakingStrategy,1.00000000,5.00000000,10.000000,1.000000,0.00000000,2084.65000000,2.13800000,-1116.67331746,1.66961746,-1115.00370000,0.00000000,0.00000000,-1115.00370000,264,160.82700000,5
