eventType,date,side,events,targetHitShare,wallRemovedShare,wallRemovedBeforeHitShare,hitAfterWallRemovedShare,movedAwayBeforeHitShare,timeoutShare,dataGapShare,medianOutcomeSeconds,medianTimeToTargetSeconds,medianTimeToWallRemovalSeconds,meanMaxMovedAwayTicks,meanDistanceTicks,meanApproachTicks,meanGrossEdgeTicks,positiveNetEdge0_0bpsShare,hitAndPositive0_0bpsShare,meanNetEdgeIfHit0_0bpsTicks,positiveNetEdge0_5bpsShare,hitAndPositive0_5bpsShare,meanNetEdgeIfHit0_5bpsTicks,positiveNetEdge1_0bpsShare,hitAndPositive1_0bpsShare,meanNetEdgeIfHit1_0bpsTicks
NO_WALL,2026-03-19,ASK,456,0.8442982456140351,0.0,0.0,0.0,0.34210526315789475,0.15570175438596492,0.0,4.2127988225,2.721441323,,5.618421052631734,3.2521929824561404,6.35745614035083,3.2653508771939417,1.0,0.8442982456140351,3.2653508771939417,0.6710526315789473,0.5350877192982456,1.1095336622816614,0.18201754385964913,0.1337719298245614,-1.0462835526306196
NO_WALL,2026-03-19,BID,328,0.850609756097561,0.0,0.0,0.0,0.375,0.14939024390243902,0.0,4.7740628395,3.32303523,,6.9390243902439135,3.5853658536585367,6.978658536585272,3.5884146341471954,1.0,0.850609756097561,3.5884146341471954,0.7347560975609756,0.5975609756097561,1.435426067074025,0.25,0.1798780487804878,-0.7175624999991456
NO_WALL,2026-03-20,ASK,284,0.7711267605633803,0.0,0.0,0.0,0.397887323943662,0.22887323943661972,0.0,5.5077016115,2.70521107,,5.908450704225262,3.4014084507042255,6.383802816901302,3.408450704225967,1.0,0.7711267605633803,3.408450704225967,0.647887323943662,0.4612676056338028,1.2679528169020233,0.2535211267605634,0.16549295774647887,-0.8725450704219203
NO_WALL,2026-03-20,BID,303,0.7986798679867987,0.0,0.0,0.0,0.33993399339933994,0.19801980198019803,0.0033003300330033004,5.542032629,2.5804177714999996,,5.191419141914302,3.2706270627062706,6.227722772277357,3.2739273927401684,1.0,0.7986798679867987,3.2739273927401684,0.6534653465346535,0.47194719471947194,1.134994059406835,0.22772277227722773,0.15841584158415842,-1.003939273926498
NO_WALL,2026-03-21,ASK,77,0.6753246753246753,0.0,0.0,0.0,0.24675324675324675,0.2597402597402597,0.06493506493506493,11.224197581,1.3779754505,,3.259740259740307,3.051948051948052,5.662337662337946,3.0519480519492332,1.0,0.6753246753246753,3.0519480519492332,0.6883116883116883,0.38961038961038963,0.9046474025985839,0.11688311688311688,0.03896103896103896,-1.2426532467520655
NO_WALL,2026-03-21,BID,67,0.7611940298507462,0.0,0.0,0.0,0.208955223880597,0.14925373134328357,0.08955223880597014,5.720931851,2.348206737,,3.1044776119402577,3.0597014925373136,7.134328358208575,3.089552238806554,1.0,0.7611940298507462,3.089552238806554,0.5970149253731343,0.417910447761194,0.9473291044781957,0.13432835820895522,0.08955223880597014,-1.1948940298501625
WALL,2026-03-19,ASK,456,0.8793859649122807,0.5592105263157895,0.5592105263157895,0.43859649122807015,0.2631578947368421,0.1206140350877193,0.0,2.350144071,1.583273048,0.764263981,4.36184210526322,3.2521929824561404,6.331140350877239,3.3925438596500563,1.0,0.8793859649122807,3.3925438596500563,0.6885964912280702,0.5877192982456141,1.2384312500009333,0.20175438596491227,0.17763157894736842,-0.9156813596481892
WALL,2026-03-19,BID,329,0.9209726443768997,0.5075987841945289,0.5075987841945289,0.42857142857142855,0.24620060790273557,0.0790273556231003,0.0,1.940130927,1.327489943,0.454260813,4.729483282674728,3.5866261398176293,7.358662613981733,3.802431610943214,1.0,0.9209726443768997,3.802431610943214,0.7537993920972644,0.6869300911854104,1.6505317629188978,0.2826747720364742,0.25227963525835867,-0.5013680851054179
WALL,2026-03-20,ASK,284,0.8873239436619719,0.528169014084507,0.528169014084507,0.41901408450704225,0.23591549295774647,0.10915492957746478,0.0035211267605633804,1.7092900659999999,1.1733039335000002,0.63322649,3.83098591549298,3.4014084507042255,6.3521126760563575,3.5105633802827407,1.0,0.8873239436619719,3.5105633802827407,0.6619718309859155,0.5669014084507042,1.3699688380292194,0.27816901408450706,0.22887323943661972,-0.7706257042243015
WALL,2026-03-20,BID,303,0.8910891089108911,0.48184818481848185,0.48184818481848185,0.37623762376237624,0.24092409240924093,0.10561056105610561,0.0033003300330033004,1.429417662,0.9200765639999999,0.558423715,3.924092409240912,3.2706270627062706,6.462046204620393,3.3861386138624185,1.0,0.8910891089108911,3.3861386138624185,0.6765676567656765,0.570957095709571,1.2436141914201746,0.24752475247524752,0.20462046204620463,-0.8989102310220694
WALL,2026-03-21,ASK,82,0.7195121951219512,0.5609756097560976,0.5609756097560976,0.32926829268292684,0.2073170731707317,0.24390243902439024,0.036585365853658534,6.148897171,1.120856087,1.138693227,4.878048780487861,3.1463414634146343,5.1585365853658205,3.2439024390254327,1.0,0.7195121951219512,3.2439024390254327,0.7195121951219512,0.4878048780487805,1.0952378048790916,0.17073170731707318,0.10975609756097561,-1.0534268292672497
WALL,2026-03-21,BID,67,0.7910447761194029,0.4626865671641791,0.4626865671641791,0.34328358208955223,0.14925373134328357,0.08955223880597014,0.11940298507462686,4.130221957,1.17091766,0.869044186,2.776119402985061,3.0597014925373136,6.149253731343324,3.2238805970154547,1.0,0.7910447761194029,3.2238805970154547,0.6119402985074627,0.4626865671641791,1.0768686567169472,0.1791044776119403,0.13432835820895522,-1.0701432835815599
YOUNG_LEVEL,2026-03-19,ASK,456,0.868421052631579,0.5416666666666666,0.5416666666666666,0.4100877192982456,0.29605263157894735,0.13157894736842105,0.0,1.8634783664999999,1.1673287205,0.726319884,6.0570175438596054,3.2521929824561404,6.484649122806954,3.3048245614043723,1.0,0.868421052631579,3.3048245614043723,0.6754385964912281,0.5723684210526315,1.1554343201763022,0.19298245614035087,0.15570175438596492,-0.9939559210517677
YOUNG_LEVEL,2026-03-19,BID,328,0.8780487804878049,0.573170731707317,0.573170731707317,0.45121951219512196,0.31402439024390244,0.11890243902439024,0.003048780487804878,2.3742010689999997,1.6332098375,0.5608263425,5.414634146341419,3.576219512195122,7.216463414634058,3.655487804879036,1.0,0.8780487804878049,3.655487804879036,0.7408536585365854,0.6432926829268293,1.5046528963424506,0.2621951219512195,0.22865853658536586,-0.6461820121941345
YOUNG_LEVEL,2026-03-20,ASK,284,0.852112676056338,0.5880281690140845,0.5880281690140845,0.44014084507042256,0.29225352112676056,0.1443661971830986,0.0035211267605633804,2.7827186115,1.3617123355,0.612008008,4.679577464788768,3.4014084507042255,7.003521126760391,3.4366197183107845,1.0,0.852112676056338,3.4366197183107845,0.647887323943662,0.5352112676056338,1.2972295774657143,0.2676056338028169,0.20774647887323944,-0.8421605633793559
YOUNG_LEVEL,2026-03-20,BID,303,0.8778877887788779,0.5115511551155115,0.5115511551155115,0.3927392739273927,0.25412541254125415,0.1188118811881188,0.0033003300330033004,1.974520638,1.3582102665,0.872040108,4.683168316831671,3.2706270627062706,6.587458745874599,3.280528052806169,1.0,0.8778877887788779,3.280528052806169,0.6534653465346535,0.5445544554455446,1.139931023103199,0.23102310231023102,0.18811881188118812,-1.000666006599771
YOUNG_LEVEL,2026-03-21,ASK,81,0.7407407407407407,0.5432098765432098,0.5432098765432098,0.2962962962962963,0.2345679012345679,0.20987654320987653,0.04938271604938271,4.383710864,1.425268224,1.6129609325,4.172839506172806,3.123456790123457,5.271604938271639,3.1481481481490463,1.0,0.7407407407407407,3.1481481481490463,0.7160493827160493,0.5308641975308642,1.0084450617292933,0.13580246913580246,0.09876543209876543,-1.1312580246904596
YOUNG_LEVEL,2026-03-21,BID,67,0.8208955223880597,0.5671641791044776,0.5671641791044776,0.3880597014925373,0.22388059701492538,0.13432835820895522,0.04477611940298507,2.196907035,1.172938337,0.789113434,4.492537313432754,3.0597014925373136,7.14925373134289,3.059701492537992,1.0,0.8208955223880597,3.059701492537992,0.582089552238806,0.43283582089552236,0.9261873134335148,0.13432835820895522,0.1044776119402985,-1.2073268656709626
NO_WALL,TOTAL,ASK,817,0.802937576499388,0.0,0.0,0.0,0.3525091799265606,0.1909424724602203,0.006119951040391677,4.891628092,2.590395197,,5.496940024479864,3.2851897184822523,6.3011015911872335,3.294981640147739,1.0,0.802937576499388,3.294981640147739,0.6646266829865362,0.49571603427172584,1.1452922888625499,0.200734394124847,0.13586291309669524,-1.0043970624226402
NO_WALL,TOTAL,BID,698,0.8194842406876791,0.0,0.0,0.0,0.3438395415472779,0.17048710601719197,0.01002865329512894,5.1654884755,2.961494591,,5.8123209169054935,3.3982808022922635,6.667621776504273,3.4040114613188974,1.0,0.8194842406876791,3.4040114613188974,0.6862464183381088,0.5257879656160458,1.2581575931240552,0.22922636103151864,0.16189111747851004,-0.8876962750707874
WALL,TOTAL,ASK,822,0.8661800486618005,0.5486618004866181,0.5486618004866181,0.4209245742092457,0.24817518248175183,0.12895377128953772,0.004866180048661801,2.124430388,1.4293567205,0.765248641,4.229927007299318,3.2931873479318736,6.22141119221414,3.4184914841858998,1.0,0.8661800486618005,3.4184914841858998,0.6824817518248175,0.5705596107055961,1.2695928223854132,0.22506082725060828,0.18856447688564476,-0.8793058394150733
WALL,TOTAL,BID,699,0.8955650929899857,0.49213161659513593,0.49213161659513593,0.3977110157367668,0.23462088698140202,0.09155937052932761,0.012875536480686695,1.73384324,1.096635104,0.510537988,4.1931330472102735,3.3991416309012874,6.854077253218843,3.566523605151167,1.0,0.8955650929899857,3.566523605151167,0.7067238912732475,0.6151645207439199,1.4191562947076763,0.2575107296137339,0.22031473533619456,-0.728211015735814
YOUNG_LEVEL,TOTAL,ASK,821,0.8501827040194885,0.5578562728380024,0.5578562728380024,0.4092570036540804,0.28867235079171744,0.14372716199756394,0.0060901339829476245,2.299074644,1.2267579885,0.7196953465,5.39464068209499,3.2911084043848966,6.5444579780754255,3.334957369063008,1.0,0.8501827040194885,3.334957369063008,0.6699147381242387,0.5554202192448234,1.1899820950069786,0.21315468940316687,0.16808769792935443,-0.9549931790490507
YOUNG_LEVEL,TOTAL,BID,698,0.8724928366762178,0.5458452722063037,0.5458452722063037,0.4197707736389685,0.2793696275071633,0.12034383954154727,0.0071633237822349575,2.1479892915,1.526474444,0.717813158,5.008595988538648,3.3939828080229226,6.936962750716258,3.4355300859608002,1.0,0.8724928366762178,3.4355300859608002,0.6876790830945558,0.5802292263610315,1.2908020057315739,0.23638968481375358,0.1991404011461318,-0.8539260744976525
